{
  "window_size": 28,
  "hidden_size": 64,
  "num_layers": 1,
  "dropout": 0.0,
  "lr": 0.001,
  "batch_size": 64,
  "seed": 42,
  "scaler_mean": [
    128.20576058201058
  ],
  "scaler_scale": [
    18.48154222978581
  ]
}